{"cameraMode":{"drawMode":0,"name":"Shaded","section":"Shading Mode"},"sceneLighting":false,"audioPlay":false,"sceneViewState":{"m_AlwaysRefresh":false,"showFog":true,"showSkybox":false,"showFlares":true,"showImageEffects":true,"showParticleSystems":true,"showVisualEffectGraphs":true,"m_FxEnabled":true},"in2DMode":false,"pivot":{"x":1.0220880508422852,"y":0.5663880705833435,"z":0.7467606663703919},"rotation":{"x":0.1544792652130127,"y":-0.7551544904708862,"z":0.19252336025238038,"w":0.6079836487770081},"size":0.8660253882408142,"orthographic":false}