{"cameraMode":{"drawMode":0,"name":"Shaded","section":"Shading Mode"},"sceneLighting":true,"audioPlay":false,"sceneViewState":{"m_AlwaysRefresh":false,"showFog":true,"showSkybox":true,"showFlares":true,"showImageEffects":true,"showParticleSystems":true,"showVisualEffectGraphs":true,"m_FxEnabled":true},"in2DMode":false,"pivot":{"x":32.247535705566409,"y":59.609291076660159,"z":-107.49840545654297},"rotation":{"x":-0.0028074621222913267,"y":0.9926626086235046,"z":-0.023226894438266755,"w":-0.11938222497701645},"size":53.49866485595703,"orthographic":false}